{
    "accuracy": 0.9837777777777778,
    "precision_macro": 0.9832944869692509,
    "recall_macro": 0.9830599999999998,
    "f1_macro": 0.9831673662952289,
    "confusion_matrix": [
        [
            1461,
            0,
            1,
            1,
            0,
            9,
            15,
            0,
            4,
            9
        ],
        [
            0,
            1493,
            5,
            0,
            0,
            1,
            0,
            0,
            1,
            0
        ],
        [
            2,
            1,
            1452,
            1,
            0,
            11,
            33,
            0,
            0,
            0
        ],
        [
            2,
            0,
            1,
            1235,
            4,
            0,
            1,
            0,
            7,
            0
        ],
        [
            0,
            0,
            0,
            1,
            1240,
            0,
            1,
            6,
            2,
            0
        ],
        [
            12,
            1,
            17,
            0,
            0,
            963,
            1,
            1,
            4,
            1
        ],
        [
            17,
            0,
            14,
            2,
            0,
            3,
            1212,
            0,
            2,
            0
        ],
        [
            0,
            0,
            0,
            1,
            3,
            0,
            0,
            1496,
            0,
            0
        ],
        [
            4,
            1,
            0,
            13,
            0,
            0,
            0,
            0,
            1230,
            2
        ],
        [
            0,
            0,
            0,
            0,
            0,
            0,
            0,
            0,
            1,
            1499
        ]
    ],
    "classification_report": {
        "Annual Crop": {
            "precision": 0.9753004005340454,
            "recall": 0.974,
            "f1-score": 0.9746497665110073,
            "support": 1500.0
        },
        "Forest": {
            "precision": 0.9979946524064172,
            "recall": 0.9953333333333333,
            "f1-score": 0.9966622162883845,
            "support": 1500.0
        },
        "Herbaceous Vegetation": {
            "precision": 0.974496644295302,
            "recall": 0.968,
            "f1-score": 0.9712374581939799,
            "support": 1500.0
        },
        "Highway": {
            "precision": 0.9848484848484849,
            "recall": 0.988,
            "f1-score": 0.9864217252396166,
            "support": 1250.0
        },
        "Industrial Buildings": {
            "precision": 0.9943865276663993,
            "recall": 0.992,
            "f1-score": 0.9931918301962355,
            "support": 1250.0
        },
        "Pasture": {
            "precision": 0.9756838905775076,
            "recall": 0.963,
            "f1-score": 0.9693004529441369,
            "support": 1000.0
        },
        "Permanent Crop": {
            "precision": 0.9596199524940617,
            "recall": 0.9696,
            "f1-score": 0.9645841623557501,
            "support": 1250.0
        },
        "Residential Buildings": {
            "precision": 0.9953426480372588,
            "recall": 0.9973333333333333,
            "f1-score": 0.9963369963369964,
            "support": 1500.0
        },
        "River": {
            "precision": 0.9832134292565947,
            "recall": 0.984,
            "f1-score": 0.9836065573770492,
            "support": 1250.0
        },
        "SeaLake": {
            "precision": 0.9920582395764395,
            "recall": 0.9993333333333333,
            "f1-score": 0.9956824975091332,
            "support": 1500.0
        },
        "accuracy": 0.9837777777777778,
        "macro avg": {
            "precision": 0.9832944869692509,
            "recall": 0.9830599999999998,
            "f1-score": 0.9831673662952289,
            "support": 13500.0
        },
        "weighted avg": {
            "precision": 0.9837820933839724,
            "recall": 0.9837777777777778,
            "f1-score": 0.983771051789941,
            "support": 13500.0
        }
    },
    "split_info": {
        "train_fraction": 0.5,
        "test_fraction": 0.5,
        "train_size": 13500,
        "val_fraction_of_train_pool": 0.2,
        "seed": 42
    }
}