{
    "accuracy": 0.9802645502645503,
    "precision_macro": 0.9806527332559268,
    "recall_macro": 0.9790380952380952,
    "f1_macro": 0.9797236211579511,
    "confusion_matrix": [
        [
            2034,
            0,
            3,
            2,
            0,
            14,
            24,
            0,
            5,
            18
        ],
        [
            0,
            2091,
            7,
            0,
            0,
            0,
            0,
            0,
            1,
            1
        ],
        [
            1,
            5,
            2075,
            1,
            0,
            12,
            5,
            1,
            0,
            0
        ],
        [
            4,
            1,
            3,
            1717,
            11,
            1,
            0,
            0,
            13,
            0
        ],
        [
            1,
            0,
            0,
            2,
            1734,
            0,
            2,
            11,
            0,
            0
        ],
        [
            8,
            5,
            38,
            0,
            0,
            1344,
            1,
            0,
            2,
            2
        ],
        [
            20,
            0,
            84,
            1,
            0,
            3,
            1642,
            0,
            0,
            0
        ],
        [
            0,
            0,
            1,
            2,
            10,
            0,
            2,
            2085,
            0,
            0
        ],
        [
            13,
            2,
            0,
            11,
            3,
            3,
            2,
            0,
            1711,
            5
        ],
        [
            2,
            0,
            1,
            0,
            0,
            0,
            0,
            0,
            3,
            2094
        ]
    ],
    "classification_report": {
        "Annual Crop": {
            "precision": 0.9764762361977917,
            "recall": 0.9685714285714285,
            "f1-score": 0.9725077695433899,
            "support": 2100.0
        },
        "Forest": {
            "precision": 0.9938212927756654,
            "recall": 0.9957142857142857,
            "f1-score": 0.99476688867745,
            "support": 2100.0
        },
        "Herbaceous Vegetation": {
            "precision": 0.9380650994575045,
            "recall": 0.9880952380952381,
            "f1-score": 0.962430426716141,
            "support": 2100.0
        },
        "Highway": {
            "precision": 0.9890552995391705,
            "recall": 0.9811428571428571,
            "f1-score": 0.985083189902467,
            "support": 1750.0
        },
        "Industrial Buildings": {
            "precision": 0.9863481228668942,
            "recall": 0.9908571428571429,
            "f1-score": 0.9885974914481186,
            "support": 1750.0
        },
        "Pasture": {
            "precision": 0.9760348583877996,
            "recall": 0.96,
            "f1-score": 0.9679510262873605,
            "support": 1400.0
        },
        "Permanent Crop": {
            "precision": 0.9785458879618594,
            "recall": 0.9382857142857143,
            "f1-score": 0.9579929988331388,
            "support": 1750.0
        },
        "Residential Buildings": {
            "precision": 0.994277539341917,
            "recall": 0.9928571428571429,
            "f1-score": 0.993566833452466,
            "support": 2100.0
        },
        "River": {
            "precision": 0.9861671469740634,
            "recall": 0.9777142857142858,
            "f1-score": 0.981922525107604,
            "support": 1750.0
        },
        "SeaLake": {
            "precision": 0.9877358490566037,
            "recall": 0.9971428571428571,
            "f1-score": 0.9924170616113744,
            "support": 2100.0
        },
        "accuracy": 0.9802645502645503,
        "macro avg": {
            "precision": 0.9806527332559268,
            "recall": 0.9790380952380952,
            "f1-score": 0.9797236211579511,
            "support": 18900.0
        },
        "weighted avg": {
            "precision": 0.9804995892821858,
            "recall": 0.9802645502645503,
            "f1-score": 0.9802577594742781,
            "support": 18900.0
        }
    },
    "split_info": {
        "train_fraction": 0.3,
        "test_fraction": 0.7,
        "train_size": 8100,
        "val_fraction_of_train_pool": 0.2,
        "seed": 42
    }
}