{
    "accuracy": 0.9881481481481481,
    "precision_macro": 0.9881974200087509,
    "recall_macro": 0.9874516489366039,
    "f1_macro": 0.9877812992330341,
    "confusion_matrix": [
        [
            593,
            0,
            1,
            0,
            0,
            0,
            0,
            0,
            0,
            2
        ],
        [
            0,
            605,
            2,
            0,
            0,
            1,
            0,
            0,
            0,
            0
        ],
        [
            2,
            1,
            563,
            0,
            0,
            3,
            4,
            0,
            0,
            0
        ],
        [
            0,
            0,
            0,
            496,
            0,
            0,
            0,
            0,
            0,
            0
        ],
        [
            0,
            0,
            0,
            2,
            498,
            0,
            0,
            1,
            0,
            0
        ],
        [
            2,
            2,
            6,
            0,
            0,
            383,
            2,
            0,
            0,
            1
        ],
        [
            8,
            0,
            10,
            0,
            0,
            0,
            520,
            0,
            0,
            0
        ],
        [
            0,
            0,
            0,
            1,
            4,
            0,
            0,
            549,
            0,
            0
        ],
        [
            1,
            0,
            0,
            3,
            1,
            2,
            0,
            0,
            521,
            1
        ],
        [
            0,
            0,
            0,
            0,
            0,
            0,
            0,
            0,
            1,
            608
        ]
    ],
    "classification_report": {
        "Annual Crop": {
            "precision": 0.9785478547854786,
            "recall": 0.9949664429530202,
            "f1-score": 0.9866888519134775,
            "support": 596.0
        },
        "Forest": {
            "precision": 0.9950657894736842,
            "recall": 0.9950657894736842,
            "f1-score": 0.9950657894736842,
            "support": 608.0
        },
        "Herbaceous Vegetation": {
            "precision": 0.9673539518900344,
            "recall": 0.9825479930191972,
            "f1-score": 0.9748917748917749,
            "support": 573.0
        },
        "Highway": {
            "precision": 0.9880478087649402,
            "recall": 1.0,
            "f1-score": 0.9939879759519038,
            "support": 496.0
        },
        "Industrial Buildings": {
            "precision": 0.9900596421471173,
            "recall": 0.9940119760479041,
            "f1-score": 0.9920318725099602,
            "support": 501.0
        },
        "Pasture": {
            "precision": 0.9845758354755784,
            "recall": 0.9671717171717171,
            "f1-score": 0.975796178343949,
            "support": 396.0
        },
        "Permanent Crop": {
            "precision": 0.9885931558935361,
            "recall": 0.966542750929368,
            "f1-score": 0.9774436090225563,
            "support": 538.0
        },
        "Residential Buildings": {
            "precision": 0.9981818181818182,
            "recall": 0.9909747292418772,
            "f1-score": 0.9945652173913043,
            "support": 554.0
        },
        "River": {
            "precision": 0.9980842911877394,
            "recall": 0.9848771266540642,
            "f1-score": 0.9914367269267365,
            "support": 529.0
        },
        "SeaLake": {
            "precision": 0.9934640522875817,
            "recall": 0.9983579638752053,
            "f1-score": 0.9959049959049959,
            "support": 609.0
        },
        "accuracy": 0.9881481481481481,
        "macro avg": {
            "precision": 0.9881974200087509,
            "recall": 0.9874516489366039,
            "f1-score": 0.9877812992330341,
            "support": 5400.0
        },
        "weighted avg": {
            "precision": 0.9882137043743483,
            "recall": 0.9881481481481481,
            "f1-score": 0.9881390364289929,
            "support": 5400.0
        }
    }
}