{
    "accuracy": 0.9661728395061728,
    "precision_macro": 0.9664999167473954,
    "recall_macro": 0.9643074074074074,
    "f1_macro": 0.965291561929976,
    "confusion_matrix": [
        [
            2570,
            3,
            14,
            3,
            0,
            34,
            18,
            0,
            4,
            54
        ],
        [
            0,
            2684,
            7,
            0,
            0,
            6,
            0,
            0,
            0,
            3
        ],
        [
            1,
            31,
            2590,
            2,
            0,
            8,
            46,
            1,
            3,
            18
        ],
        [
            14,
            2,
            0,
            2184,
            4,
            6,
            1,
            3,
            35,
            1
        ],
        [
            3,
            0,
            0,
            6,
            2209,
            0,
            13,
            16,
            3,
            0
        ],
        [
            14,
            6,
            66,
            2,
            0,
            1675,
            19,
            0,
            3,
            15
        ],
        [
            96,
            1,
            75,
            4,
            5,
            3,
            2063,
            1,
            2,
            0
        ],
        [
            0,
            4,
            1,
            2,
            13,
            0,
            2,
            2678,
            0,
            0
        ],
        [
            36,
            2,
            2,
            39,
            2,
            8,
            1,
            0,
            2148,
            12
        ],
        [
            3,
            2,
            4,
            0,
            0,
            1,
            0,
            0,
            13,
            2677
        ]
    ],
    "classification_report": {
        "Annual Crop": {
            "precision": 0.9389842893679211,
            "recall": 0.9518518518518518,
            "f1-score": 0.9453742872907853,
            "support": 2700.0
        },
        "Forest": {
            "precision": 0.9813528336380256,
            "recall": 0.9940740740740741,
            "f1-score": 0.9876724931002759,
            "support": 2700.0
        },
        "Herbaceous Vegetation": {
            "precision": 0.9387459224356651,
            "recall": 0.9592592592592593,
            "f1-score": 0.9488917384136288,
            "support": 2700.0
        },
        "Highway": {
            "precision": 0.9741302408563782,
            "recall": 0.9706666666666667,
            "f1-score": 0.9723953695458593,
            "support": 2250.0
        },
        "Industrial Buildings": {
            "precision": 0.9892521271831617,
            "recall": 0.9817777777777777,
            "f1-score": 0.9855007807271916,
            "support": 2250.0
        },
        "Pasture": {
            "precision": 0.9620907524411257,
            "recall": 0.9305555555555556,
            "f1-score": 0.9460604349053939,
            "support": 1800.0
        },
        "Permanent Crop": {
            "precision": 0.9537679149329634,
            "recall": 0.9168888888888889,
            "f1-score": 0.9349648765012463,
            "support": 2250.0
        },
        "Residential Buildings": {
            "precision": 0.9922193404964802,
            "recall": 0.9918518518518519,
            "f1-score": 0.9920355621411372,
            "support": 2700.0
        },
        "River": {
            "precision": 0.9715061058344641,
            "recall": 0.9546666666666667,
            "f1-score": 0.9630127774041695,
            "support": 2250.0
        },
        "SeaLake": {
            "precision": 0.9629496402877697,
            "recall": 0.9914814814814815,
            "f1-score": 0.977007299270073,
            "support": 2700.0
        },
        "accuracy": 0.9661728395061728,
        "macro avg": {
            "precision": 0.9664999167473954,
            "recall": 0.9643074074074074,
            "f1-score": 0.965291561929976,
            "support": 24300.0
        },
        "weighted avg": {
            "precision": 0.966243650206565,
            "recall": 0.9661728395061728,
            "f1-score": 0.9661018341075798,
            "support": 24300.0
        }
    },
    "split_info": {
        "train_fraction": 0.1,
        "test_fraction": 0.9,
        "train_size": 2700,
        "val_fraction_of_train_pool": 0.2,
        "seed": 42
    }
}