{
    "accuracy": 0.9825925925925926,
    "precision_macro": 0.9817744465353583,
    "recall_macro": 0.9819833333333333,
    "f1_macro": 0.9818469811693129,
    "confusion_matrix": [
        [
            1173,
            0,
            1,
            1,
            0,
            16,
            6,
            0,
            1,
            2
        ],
        [
            0,
            1195,
            4,
            0,
            0,
            0,
            0,
            0,
            0,
            1
        ],
        [
            2,
            2,
            1170,
            0,
            0,
            5,
            19,
            0,
            0,
            2
        ],
        [
            3,
            0,
            0,
            987,
            2,
            4,
            0,
            0,
            4,
            0
        ],
        [
            2,
            0,
            0,
            0,
            989,
            0,
            2,
            7,
            0,
            0
        ],
        [
            2,
            1,
            16,
            0,
            0,
            780,
            0,
            0,
            0,
            1
        ],
        [
            20,
            0,
            14,
            1,
            1,
            12,
            951,
            1,
            0,
            0
        ],
        [
            0,
            0,
            0,
            1,
            7,
            0,
            2,
            1190,
            0,
            0
        ],
        [
            3,
            0,
            1,
            7,
            2,
            4,
            0,
            0,
            982,
            1
        ],
        [
            3,
            0,
            1,
            0,
            0,
            0,
            0,
            0,
            1,
            1195
        ]
    ],
    "classification_report": {
        "Annual Crop": {
            "precision": 0.9710264900662252,
            "recall": 0.9775,
            "f1-score": 0.9742524916943521,
            "support": 1200.0
        },
        "Forest": {
            "precision": 0.9974958263772955,
            "recall": 0.9958333333333333,
            "f1-score": 0.9966638865721434,
            "support": 1200.0
        },
        "Herbaceous Vegetation": {
            "precision": 0.9693454846727423,
            "recall": 0.975,
            "f1-score": 0.9721645201495638,
            "support": 1200.0
        },
        "Highway": {
            "precision": 0.9899699097291875,
            "recall": 0.987,
            "f1-score": 0.9884827240861291,
            "support": 1000.0
        },
        "Industrial Buildings": {
            "precision": 0.988011988011988,
            "recall": 0.989,
            "f1-score": 0.9885057471264368,
            "support": 1000.0
        },
        "Pasture": {
            "precision": 0.9500609013398295,
            "recall": 0.975,
            "f1-score": 0.9623689080814312,
            "support": 800.0
        },
        "Permanent Crop": {
            "precision": 0.9704081632653061,
            "recall": 0.951,
            "f1-score": 0.9606060606060606,
            "support": 1000.0
        },
        "Residential Buildings": {
            "precision": 0.993322203672788,
            "recall": 0.9916666666666667,
            "f1-score": 0.9924937447873228,
            "support": 1200.0
        },
        "River": {
            "precision": 0.9939271255060729,
            "recall": 0.982,
            "f1-score": 0.9879275653923542,
            "support": 1000.0
        },
        "SeaLake": {
            "precision": 0.9941763727121464,
            "recall": 0.9958333333333333,
            "f1-score": 0.9950041631973355,
            "support": 1200.0
        },
        "accuracy": 0.9825925925925926,
        "macro avg": {
            "precision": 0.9817744465353583,
            "recall": 0.9819833333333333,
            "f1-score": 0.9818469811693129,
            "support": 10800.0
        },
        "weighted avg": {
            "precision": 0.9826671815357273,
            "recall": 0.9825925925925926,
            "f1-score": 0.9826029436441654,
            "support": 10800.0
        }
    },
    "split_info": {
        "train_fraction": 0.6,
        "test_fraction": 0.4,
        "train_size": 16200,
        "val_fraction_of_train_pool": 0.2,
        "seed": 42
    }
}