{
    "accuracy": 0.9624074074074074,
    "precision_macro": 0.9623290898938321,
    "recall_macro": 0.9615314823566106,
    "f1_macro": 0.9618604464643603,
    "confusion_matrix": [
        [
            573,
            5,
            1,
            3,
            0,
            3,
            5,
            0,
            4,
            2
        ],
        [
            0,
            596,
            6,
            0,
            0,
            4,
            0,
            1,
            0,
            1
        ],
        [
            2,
            1,
            531,
            1,
            0,
            6,
            29,
            0,
            1,
            2
        ],
        [
            2,
            0,
            1,
            481,
            4,
            0,
            5,
            3,
            0,
            0
        ],
        [
            0,
            0,
            0,
            7,
            487,
            0,
            2,
            5,
            0,
            0
        ],
        [
            6,
            2,
            14,
            0,
            0,
            372,
            0,
            0,
            1,
            1
        ],
        [
            10,
            0,
            19,
            0,
            0,
            3,
            504,
            0,
            2,
            0
        ],
        [
            0,
            0,
            1,
            0,
            1,
            0,
            0,
            552,
            0,
            0
        ],
        [
            9,
            0,
            1,
            13,
            1,
            1,
            1,
            0,
            502,
            1
        ],
        [
            5,
            3,
            1,
            0,
            0,
            1,
            0,
            0,
            0,
            599
        ]
    ],
    "classification_report": {
        "Annual Crop": {
            "precision": 0.943986820428336,
            "recall": 0.9614093959731543,
            "f1-score": 0.9526184538653366,
            "support": 596.0
        },
        "Forest": {
            "precision": 0.9818780889621087,
            "recall": 0.9802631578947368,
            "f1-score": 0.9810699588477366,
            "support": 608.0
        },
        "Herbaceous Vegetation": {
            "precision": 0.9234782608695652,
            "recall": 0.9267015706806283,
            "f1-score": 0.9250871080139372,
            "support": 573.0
        },
        "Highway": {
            "precision": 0.9524752475247524,
            "recall": 0.969758064516129,
            "f1-score": 0.961038961038961,
            "support": 496.0
        },
        "Industrial Buildings": {
            "precision": 0.9878296146044625,
            "recall": 0.9720558882235529,
            "f1-score": 0.9798792756539235,
            "support": 501.0
        },
        "Pasture": {
            "precision": 0.9538461538461539,
            "recall": 0.9393939393939394,
            "f1-score": 0.9465648854961832,
            "support": 396.0
        },
        "Permanent Crop": {
            "precision": 0.9230769230769231,
            "recall": 0.9368029739776952,
            "f1-score": 0.9298892988929889,
            "support": 538.0
        },
        "Residential Buildings": {
            "precision": 0.983957219251337,
            "recall": 0.9963898916967509,
            "f1-score": 0.9901345291479821,
            "support": 554.0
        },
        "River": {
            "precision": 0.984313725490196,
            "recall": 0.9489603024574669,
            "f1-score": 0.9663137632338787,
            "support": 529.0
        },
        "SeaLake": {
            "precision": 0.9884488448844885,
            "recall": 0.9835796387520526,
            "f1-score": 0.9860082304526749,
            "support": 609.0
        },
        "accuracy": 0.9624074074074074,
        "macro avg": {
            "precision": 0.9623290898938321,
            "recall": 0.9615314823566106,
            "f1-score": 0.9618604464643603,
            "support": 5400.0
        },
        "weighted avg": {
            "precision": 0.9626295360285729,
            "recall": 0.9624074074074074,
            "f1-score": 0.9624508421959982,
            "support": 5400.0
        }
    }
}