{
    "accuracy": 0.9752314814814815,
    "precision_macro": 0.9743886383909437,
    "recall_macro": 0.9744958333333334,
    "f1_macro": 0.9743920128939845,
    "confusion_matrix": [
        [
            2287,
            1,
            7,
            7,
            0,
            21,
            41,
            0,
            22,
            14
        ],
        [
            1,
            2381,
            14,
            0,
            0,
            1,
            1,
            0,
            1,
            1
        ],
        [
            2,
            1,
            2281,
            3,
            0,
            19,
            91,
            1,
            0,
            2
        ],
        [
            3,
            1,
            0,
            1978,
            6,
            0,
            0,
            0,
            12,
            0
        ],
        [
            0,
            0,
            0,
            5,
            1983,
            0,
            2,
            9,
            1,
            0
        ],
        [
            17,
            4,
            43,
            4,
            0,
            1521,
            0,
            0,
            3,
            8
        ],
        [
            31,
            0,
            22,
            6,
            2,
            17,
            1920,
            1,
            1,
            0
        ],
        [
            0,
            0,
            0,
            2,
            9,
            0,
            0,
            2389,
            0,
            0
        ],
        [
            9,
            2,
            2,
            23,
            1,
            7,
            0,
            0,
            1931,
            25
        ],
        [
            3,
            0,
            0,
            0,
            0,
            0,
            0,
            0,
            3,
            2394
        ]
    ],
    "classification_report": {
        "Annual Crop": {
            "precision": 0.9719507012324692,
            "recall": 0.9529166666666666,
            "f1-score": 0.9623395750052598,
            "support": 2400.0
        },
        "Forest": {
            "precision": 0.996234309623431,
            "recall": 0.9920833333333333,
            "f1-score": 0.9941544885177453,
            "support": 2400.0
        },
        "Herbaceous Vegetation": {
            "precision": 0.9628535246939637,
            "recall": 0.9504166666666667,
            "f1-score": 0.9565946739358356,
            "support": 2400.0
        },
        "Highway": {
            "precision": 0.97534516765286,
            "recall": 0.989,
            "f1-score": 0.9821251241310824,
            "support": 2000.0
        },
        "Industrial Buildings": {
            "precision": 0.9910044977511244,
            "recall": 0.9915,
            "f1-score": 0.9912521869532617,
            "support": 2000.0
        },
        "Pasture": {
            "precision": 0.9590163934426229,
            "recall": 0.950625,
            "f1-score": 0.9548022598870056,
            "support": 1600.0
        },
        "Permanent Crop": {
            "precision": 0.9343065693430657,
            "recall": 0.96,
            "f1-score": 0.9469790382244143,
            "support": 2000.0
        },
        "Residential Buildings": {
            "precision": 0.9954166666666666,
            "recall": 0.9954166666666666,
            "f1-score": 0.9954166666666666,
            "support": 2400.0
        },
        "River": {
            "precision": 0.9782168186423505,
            "recall": 0.9655,
            "f1-score": 0.9718168092601912,
            "support": 2000.0
        },
        "SeaLake": {
            "precision": 0.9795417348608838,
            "recall": 0.9975,
            "f1-score": 0.9884393063583815,
            "support": 2400.0
        },
        "accuracy": 0.9752314814814815,
        "macro avg": {
            "precision": 0.9743886383909437,
            "recall": 0.9744958333333334,
            "f1-score": 0.9743920128939845,
            "support": 21600.0
        },
        "weighted avg": {
            "precision": 0.9753039345033698,
            "recall": 0.9752314814814815,
            "f1-score": 0.9752174647277059,
            "support": 21600.0
        }
    },
    "split_info": {
        "train_fraction": 0.2,
        "test_fraction": 0.8,
        "train_size": 5400,
        "val_fraction_of_train_pool": 0.2,
        "seed": 42
    }
}