{
    "accuracy": 0.9787654320987654,
    "precision_macro": 0.9778931810783602,
    "recall_macro": 0.9783222222222221,
    "f1_macro": 0.9780011790169463,
    "confusion_matrix": [
        [
            875,
            0,
            0,
            2,
            0,
            5,
            8,
            0,
            4,
            6
        ],
        [
            0,
            889,
            1,
            0,
            0,
            9,
            0,
            0,
            1,
            0
        ],
        [
            2,
            3,
            880,
            1,
            0,
            9,
            4,
            0,
            0,
            1
        ],
        [
            3,
            0,
            0,
            732,
            1,
            1,
            1,
            0,
            12,
            0
        ],
        [
            0,
            0,
            1,
            3,
            743,
            0,
            0,
            2,
            1,
            0
        ],
        [
            2,
            0,
            8,
            0,
            0,
            585,
            2,
            0,
            3,
            0
        ],
        [
            12,
            0,
            30,
            0,
            1,
            4,
            703,
            0,
            0,
            0
        ],
        [
            0,
            1,
            0,
            1,
            18,
            0,
            0,
            880,
            0,
            0
        ],
        [
            0,
            0,
            0,
            2,
            0,
            1,
            1,
            0,
            744,
            2
        ],
        [
            0,
            0,
            0,
            0,
            0,
            2,
            0,
            0,
            1,
            897
        ]
    ],
    "classification_report": {
        "Annual Crop": {
            "precision": 0.9787472035794184,
            "recall": 0.9722222222222222,
            "f1-score": 0.9754738015607581,
            "support": 900.0
        },
        "Forest": {
            "precision": 0.9955207166853304,
            "recall": 0.9877777777777778,
            "f1-score": 0.9916341327384273,
            "support": 900.0
        },
        "Herbaceous Vegetation": {
            "precision": 0.9565217391304348,
            "recall": 0.9777777777777777,
            "f1-score": 0.967032967032967,
            "support": 900.0
        },
        "Highway": {
            "precision": 0.9878542510121457,
            "recall": 0.976,
            "f1-score": 0.9818913480885312,
            "support": 750.0
        },
        "Industrial Buildings": {
            "precision": 0.9737876802096985,
            "recall": 0.9906666666666667,
            "f1-score": 0.9821546596166556,
            "support": 750.0
        },
        "Pasture": {
            "precision": 0.9496753246753247,
            "recall": 0.975,
            "f1-score": 0.962171052631579,
            "support": 600.0
        },
        "Permanent Crop": {
            "precision": 0.9777468706536857,
            "recall": 0.9373333333333334,
            "f1-score": 0.9571136827773996,
            "support": 750.0
        },
        "Residential Buildings": {
            "precision": 0.9977324263038548,
            "recall": 0.9777777777777777,
            "f1-score": 0.9876543209876543,
            "support": 900.0
        },
        "River": {
            "precision": 0.9712793733681462,
            "recall": 0.992,
            "f1-score": 0.9815303430079155,
            "support": 750.0
        },
        "SeaLake": {
            "precision": 0.9900662251655629,
            "recall": 0.9966666666666667,
            "f1-score": 0.9933554817275747,
            "support": 900.0
        },
        "accuracy": 0.9787654320987654,
        "macro avg": {
            "precision": 0.9778931810783602,
            "recall": 0.9783222222222221,
            "f1-score": 0.9780011790169463,
            "support": 8100.0
        },
        "weighted avg": {
            "precision": 0.9789550377797647,
            "recall": 0.9787654320987654,
            "f1-score": 0.9787599741159836,
            "support": 8100.0
        }
    },
    "split_info": {
        "train_fraction": 0.7,
        "test_fraction": 0.30000000000000004,
        "train_size": 18900,
        "val_fraction_of_train_pool": 0.2,
        "seed": 42
    }
}