{
    "accuracy": 0.9896296296296296,
    "precision_macro": 0.9894048358393581,
    "recall_macro": 0.9891660369902026,
    "f1_macro": 0.9892499019996135,
    "confusion_matrix": [
        [
            592,
            1,
            0,
            0,
            0,
            1,
            0,
            0,
            0,
            2
        ],
        [
            0,
            608,
            0,
            0,
            0,
            0,
            0,
            0,
            0,
            0
        ],
        [
            0,
            1,
            565,
            0,
            0,
            3,
            4,
            0,
            0,
            0
        ],
        [
            1,
            0,
            0,
            495,
            0,
            0,
            0,
            0,
            0,
            0
        ],
        [
            0,
            0,
            0,
            2,
            497,
            0,
            1,
            1,
            0,
            0
        ],
        [
            2,
            2,
            4,
            0,
            0,
            388,
            0,
            0,
            0,
            0
        ],
        [
            6,
            0,
            10,
            0,
            0,
            4,
            518,
            0,
            0,
            0
        ],
        [
            0,
            0,
            0,
            1,
            2,
            0,
            0,
            551,
            0,
            0
        ],
        [
            0,
            0,
            0,
            6,
            0,
            0,
            0,
            0,
            522,
            1
        ],
        [
            0,
            0,
            0,
            0,
            0,
            0,
            0,
            0,
            1,
            608
        ]
    ],
    "classification_report": {
        "Annual Crop": {
            "precision": 0.9850249584026622,
            "recall": 0.9932885906040269,
            "f1-score": 0.9891395154553049,
            "support": 596.0
        },
        "Forest": {
            "precision": 0.9934640522875817,
            "recall": 1.0,
            "f1-score": 0.9967213114754099,
            "support": 608.0
        },
        "Herbaceous Vegetation": {
            "precision": 0.9758203799654577,
            "recall": 0.9860383944153578,
            "f1-score": 0.9809027777777778,
            "support": 573.0
        },
        "Highway": {
            "precision": 0.9821428571428571,
            "recall": 0.9979838709677419,
            "f1-score": 0.99,
            "support": 496.0
        },
        "Industrial Buildings": {
            "precision": 0.9959919839679359,
            "recall": 0.9920159680638723,
            "f1-score": 0.994,
            "support": 501.0
        },
        "Pasture": {
            "precision": 0.9797979797979798,
            "recall": 0.9797979797979798,
            "f1-score": 0.9797979797979798,
            "support": 396.0
        },
        "Permanent Crop": {
            "precision": 0.9904397705544933,
            "recall": 0.9628252788104089,
            "f1-score": 0.9764373232799246,
            "support": 538.0
        },
        "Residential Buildings": {
            "precision": 0.9981884057971014,
            "recall": 0.9945848375451264,
            "f1-score": 0.9963833634719711,
            "support": 554.0
        },
        "River": {
            "precision": 0.9980879541108987,
            "recall": 0.9867674858223062,
            "f1-score": 0.9923954372623575,
            "support": 529.0
        },
        "SeaLake": {
            "precision": 0.9950900163666121,
            "recall": 0.9983579638752053,
            "f1-score": 0.9967213114754099,
            "support": 609.0
        },
        "accuracy": 0.9896296296296296,
        "macro avg": {
            "precision": 0.9894048358393581,
            "recall": 0.9891660369902026,
            "f1-score": 0.9892499019996135,
            "support": 5400.0
        },
        "weighted avg": {
            "precision": 0.9896726405354962,
            "recall": 0.9896296296296296,
            "f1-score": 0.9896157645450854,
            "support": 5400.0
        }
    }
}