{
    "accuracy": 0.9833333333333333,
    "precision_macro": 0.9832550035625426,
    "recall_macro": 0.9822666666666666,
    "f1_macro": 0.9827172181436815,
    "confusion_matrix": [
        [
            293,
            0,
            0,
            0,
            0,
            2,
            3,
            0,
            0,
            2
        ],
        [
            0,
            299,
            1,
            0,
            0,
            0,
            0,
            0,
            0,
            0
        ],
        [
            0,
            2,
            295,
            0,
            0,
            2,
            1,
            0,
            0,
            0
        ],
        [
            0,
            2,
            0,
            246,
            2,
            0,
            0,
            0,
            0,
            0
        ],
        [
            0,
            0,
            0,
            0,
            248,
            0,
            0,
            2,
            0,
            0
        ],
        [
            4,
            1,
            3,
            0,
            0,
            192,
            0,
            0,
            0,
            0
        ],
        [
            3,
            0,
            6,
            0,
            0,
            3,
            238,
            0,
            0,
            0
        ],
        [
            0,
            0,
            0,
            1,
            0,
            0,
            0,
            299,
            0,
            0
        ],
        [
            1,
            0,
            0,
            1,
            0,
            0,
            0,
            0,
            247,
            1
        ],
        [
            0,
            1,
            0,
            0,
            0,
            0,
            0,
            0,
            1,
            298
        ]
    ],
    "classification_report": {
        "Annual Crop": {
            "precision": 0.973421926910299,
            "recall": 0.9766666666666667,
            "f1-score": 0.9750415973377704,
            "support": 300.0
        },
        "Forest": {
            "precision": 0.980327868852459,
            "recall": 0.9966666666666667,
            "f1-score": 0.9884297520661157,
            "support": 300.0
        },
        "Herbaceous Vegetation": {
            "precision": 0.9672131147540983,
            "recall": 0.9833333333333333,
            "f1-score": 0.9752066115702479,
            "support": 300.0
        },
        "Highway": {
            "precision": 0.9919354838709677,
            "recall": 0.984,
            "f1-score": 0.9879518072289156,
            "support": 250.0
        },
        "Industrial Buildings": {
            "precision": 0.992,
            "recall": 0.992,
            "f1-score": 0.992,
            "support": 250.0
        },
        "Pasture": {
            "precision": 0.964824120603015,
            "recall": 0.96,
            "f1-score": 0.9624060150375939,
            "support": 200.0
        },
        "Permanent Crop": {
            "precision": 0.9834710743801653,
            "recall": 0.952,
            "f1-score": 0.967479674796748,
            "support": 250.0
        },
        "Residential Buildings": {
            "precision": 0.9933554817275747,
            "recall": 0.9966666666666667,
            "f1-score": 0.9950083194675541,
            "support": 300.0
        },
        "River": {
            "precision": 0.9959677419354839,
            "recall": 0.988,
            "f1-score": 0.9919678714859438,
            "support": 250.0
        },
        "SeaLake": {
            "precision": 0.9900332225913622,
            "recall": 0.9933333333333333,
            "f1-score": 0.9916805324459235,
            "support": 300.0
        },
        "accuracy": 0.9833333333333333,
        "macro avg": {
            "precision": 0.9832550035625426,
            "recall": 0.9822666666666666,
            "f1-score": 0.9827172181436815,
            "support": 2700.0
        },
        "weighted avg": {
            "precision": 0.9833755124511093,
            "recall": 0.9833333333333333,
            "f1-score": 0.9833115130561868,
            "support": 2700.0
        }
    },
    "split_info": {
        "train_fraction": 0.9,
        "test_fraction": 0.09999999999999998,
        "train_size": 24300,
        "val_fraction_of_train_pool": 0.2,
        "seed": 42
    }
}