{
    "accuracy": 0.9831481481481481,
    "precision_macro": 0.9829653931997477,
    "recall_macro": 0.9822666666666666,
    "f1_macro": 0.9825964342893407,
    "confusion_matrix": [
        [
            585,
            0,
            2,
            2,
            0,
            4,
            4,
            0,
            1,
            2
        ],
        [
            0,
            595,
            2,
            0,
            0,
            0,
            0,
            0,
            2,
            1
        ],
        [
            0,
            1,
            586,
            0,
            0,
            3,
            9,
            0,
            0,
            1
        ],
        [
            2,
            0,
            0,
            492,
            0,
            0,
            1,
            1,
            4,
            0
        ],
        [
            0,
            0,
            0,
            2,
            496,
            0,
            0,
            2,
            0,
            0
        ],
        [
            5,
            0,
            9,
            0,
            0,
            384,
            0,
            0,
            2,
            0
        ],
        [
            10,
            0,
            7,
            1,
            0,
            0,
            481,
            0,
            1,
            0
        ],
        [
            0,
            0,
            0,
            0,
            3,
            0,
            0,
            597,
            0,
            0
        ],
        [
            0,
            0,
            0,
            4,
            0,
            0,
            0,
            0,
            494,
            2
        ],
        [
            0,
            0,
            0,
            0,
            0,
            1,
            0,
            0,
            0,
            599
        ]
    ],
    "classification_report": {
        "Annual Crop": {
            "precision": 0.9717607973421927,
            "recall": 0.975,
            "f1-score": 0.9733777038269551,
            "support": 600.0
        },
        "Forest": {
            "precision": 0.9983221476510067,
            "recall": 0.9916666666666667,
            "f1-score": 0.9949832775919732,
            "support": 600.0
        },
        "Herbaceous Vegetation": {
            "precision": 0.966996699669967,
            "recall": 0.9766666666666667,
            "f1-score": 0.9718076285240465,
            "support": 600.0
        },
        "Highway": {
            "precision": 0.9820359281437125,
            "recall": 0.984,
            "f1-score": 0.983016983016983,
            "support": 500.0
        },
        "Industrial Buildings": {
            "precision": 0.9939879759519038,
            "recall": 0.992,
            "f1-score": 0.992992992992993,
            "support": 500.0
        },
        "Pasture": {
            "precision": 0.9795918367346939,
            "recall": 0.96,
            "f1-score": 0.9696969696969697,
            "support": 400.0
        },
        "Permanent Crop": {
            "precision": 0.9717171717171718,
            "recall": 0.962,
            "f1-score": 0.9668341708542714,
            "support": 500.0
        },
        "Residential Buildings": {
            "precision": 0.995,
            "recall": 0.995,
            "f1-score": 0.995,
            "support": 600.0
        },
        "River": {
            "precision": 0.9801587301587301,
            "recall": 0.988,
            "f1-score": 0.9840637450199203,
            "support": 500.0
        },
        "SeaLake": {
            "precision": 0.9900826446280991,
            "recall": 0.9983333333333333,
            "f1-score": 0.9941908713692946,
            "support": 600.0
        },
        "accuracy": 0.9831481481481481,
        "macro avg": {
            "precision": 0.9829653931997477,
            "recall": 0.9822666666666666,
            "f1-score": 0.9825964342893407,
            "support": 5400.0
        },
        "weighted avg": {
            "precision": 0.9831637057878511,
            "recall": 0.9831481481481481,
            "f1-score": 0.9831385967793026,
            "support": 5400.0
        }
    },
    "split_info": {
        "train_fraction": 0.8,
        "test_fraction": 0.19999999999999996,
        "train_size": 21600,
        "val_fraction_of_train_pool": 0.2,
        "seed": 42
    }
}