{
    "accuracy": 0.9816666666666667,
    "precision_macro": 0.9817209940874945,
    "recall_macro": 0.9810528247451946,
    "f1_macro": 0.9813607512365253,
    "confusion_matrix": [
        [
            591,
            1,
            0,
            0,
            0,
            0,
            1,
            0,
            0,
            3
        ],
        [
            0,
            607,
            0,
            0,
            0,
            1,
            0,
            0,
            0,
            0
        ],
        [
            2,
            0,
            554,
            0,
            0,
            2,
            15,
            0,
            0,
            0
        ],
        [
            0,
            0,
            1,
            489,
            3,
            1,
            1,
            0,
            1,
            0
        ],
        [
            0,
            0,
            0,
            4,
            488,
            0,
            3,
            5,
            1,
            0
        ],
        [
            3,
            3,
            4,
            0,
            0,
            386,
            0,
            0,
            0,
            0
        ],
        [
            10,
            0,
            13,
            0,
            1,
            1,
            513,
            0,
            0,
            0
        ],
        [
            0,
            0,
            1,
            1,
            3,
            0,
            0,
            549,
            0,
            0
        ],
        [
            3,
            0,
            1,
            5,
            0,
            0,
            0,
            0,
            519,
            1
        ],
        [
            1,
            0,
            0,
            0,
            0,
            1,
            0,
            0,
            2,
            605
        ]
    ],
    "classification_report": {
        "Annual Crop": {
            "precision": 0.9688524590163935,
            "recall": 0.9916107382550335,
            "f1-score": 0.9800995024875622,
            "support": 596.0
        },
        "Forest": {
            "precision": 0.9934533551554828,
            "recall": 0.9983552631578947,
            "f1-score": 0.9958982772764561,
            "support": 608.0
        },
        "Herbaceous Vegetation": {
            "precision": 0.9651567944250871,
            "recall": 0.9668411867364747,
            "f1-score": 0.9659982563208369,
            "support": 573.0
        },
        "Highway": {
            "precision": 0.9799599198396793,
            "recall": 0.9858870967741935,
            "f1-score": 0.9829145728643216,
            "support": 496.0
        },
        "Industrial Buildings": {
            "precision": 0.9858585858585859,
            "recall": 0.9740518962075848,
            "f1-score": 0.9799196787148594,
            "support": 501.0
        },
        "Pasture": {
            "precision": 0.9846938775510204,
            "recall": 0.9747474747474747,
            "f1-score": 0.9796954314720813,
            "support": 396.0
        },
        "Permanent Crop": {
            "precision": 0.9624765478424016,
            "recall": 0.9535315985130112,
            "f1-score": 0.957983193277311,
            "support": 538.0
        },
        "Residential Buildings": {
            "precision": 0.9909747292418772,
            "recall": 0.9909747292418772,
            "f1-score": 0.9909747292418772,
            "support": 554.0
        },
        "River": {
            "precision": 0.9923518164435946,
            "recall": 0.9810964083175804,
            "f1-score": 0.9866920152091255,
            "support": 529.0
        },
        "SeaLake": {
            "precision": 0.993431855500821,
            "recall": 0.993431855500821,
            "f1-score": 0.993431855500821,
            "support": 609.0
        },
        "accuracy": 0.9816666666666667,
        "macro avg": {
            "precision": 0.9817209940874945,
            "recall": 0.9810528247451946,
            "f1-score": 0.9813607512365253,
            "support": 5400.0
        },
        "weighted avg": {
            "precision": 0.9816983499291831,
            "recall": 0.9816666666666667,
            "f1-score": 0.98165597574206,
            "support": 5400.0
        }
    }
}