{
    "accuracy": 0.9781481481481481,
    "precision_macro": 0.978454527657606,
    "recall_macro": 0.977181545742366,
    "f1_macro": 0.9777320888350276,
    "confusion_matrix": [
        [
            588,
            1,
            0,
            0,
            0,
            1,
            2,
            0,
            1,
            3
        ],
        [
            0,
            606,
            0,
            0,
            0,
            2,
            0,
            0,
            0,
            0
        ],
        [
            3,
            1,
            553,
            0,
            0,
            2,
            14,
            0,
            0,
            0
        ],
        [
            2,
            0,
            0,
            490,
            2,
            0,
            1,
            0,
            1,
            0
        ],
        [
            0,
            0,
            1,
            7,
            484,
            0,
            1,
            7,
            1,
            0
        ],
        [
            4,
            3,
            7,
            1,
            0,
            380,
            1,
            0,
            0,
            0
        ],
        [
            12,
            0,
            15,
            0,
            0,
            1,
            509,
            1,
            0,
            0
        ],
        [
            0,
            0,
            0,
            1,
            0,
            0,
            0,
            553,
            0,
            0
        ],
        [
            5,
            0,
            0,
            5,
            0,
            0,
            1,
            1,
            516,
            1
        ],
        [
            2,
            0,
            0,
            0,
            0,
            1,
            0,
            0,
            3,
            603
        ]
    ],
    "classification_report": {
        "Annual Crop": {
            "precision": 0.9545454545454546,
            "recall": 0.9865771812080537,
            "f1-score": 0.9702970297029703,
            "support": 596.0
        },
        "Forest": {
            "precision": 0.9918166939443536,
            "recall": 0.9967105263157895,
            "f1-score": 0.9942575881870386,
            "support": 608.0
        },
        "Herbaceous Vegetation": {
            "precision": 0.9600694444444444,
            "recall": 0.9650959860383944,
            "f1-score": 0.9625761531766753,
            "support": 573.0
        },
        "Highway": {
            "precision": 0.9722222222222222,
            "recall": 0.9879032258064516,
            "f1-score": 0.98,
            "support": 496.0
        },
        "Industrial Buildings": {
            "precision": 0.9958847736625515,
            "recall": 0.9660678642714571,
            "f1-score": 0.9807497467071935,
            "support": 501.0
        },
        "Pasture": {
            "precision": 0.9819121447028424,
            "recall": 0.9595959595959596,
            "f1-score": 0.9706257982120051,
            "support": 396.0
        },
        "Permanent Crop": {
            "precision": 0.9621928166351607,
            "recall": 0.9460966542750929,
            "f1-score": 0.9540768509840675,
            "support": 538.0
        },
        "Residential Buildings": {
            "precision": 0.9839857651245552,
            "recall": 0.9981949458483754,
            "f1-score": 0.9910394265232975,
            "support": 554.0
        },
        "River": {
            "precision": 0.9885057471264368,
            "recall": 0.9754253308128544,
            "f1-score": 0.9819219790675547,
            "support": 529.0
        },
        "SeaLake": {
            "precision": 0.9934102141680395,
            "recall": 0.9901477832512315,
            "f1-score": 0.9917763157894737,
            "support": 609.0
        },
        "accuracy": 0.9781481481481481,
        "macro avg": {
            "precision": 0.978454527657606,
            "recall": 0.977181545742366,
            "f1-score": 0.9777320888350276,
            "support": 5400.0
        },
        "weighted avg": {
            "precision": 0.9782861750945095,
            "recall": 0.9781481481481481,
            "f1-score": 0.9781338721572302,
            "support": 5400.0
        }
    }
}