{
    "accuracy": 0.9842592592592593,
    "precision_macro": 0.9841739099964665,
    "recall_macro": 0.9832666666666666,
    "f1_macro": 0.9837001077934134,
    "confusion_matrix": [
        [
            1771,
            0,
            0,
            0,
            0,
            8,
            11,
            0,
            2,
            8
        ],
        [
            0,
            1794,
            5,
            0,
            0,
            0,
            0,
            0,
            0,
            1
        ],
        [
            5,
            5,
            1748,
            0,
            0,
            12,
            27,
            1,
            0,
            2
        ],
        [
            5,
            0,
            0,
            1485,
            2,
            1,
            2,
            0,
            5,
            0
        ],
        [
            0,
            0,
            0,
            2,
            1491,
            0,
            3,
            4,
            0,
            0
        ],
        [
            9,
            3,
            29,
            0,
            0,
            1150,
            6,
            0,
            1,
            2
        ],
        [
            26,
            0,
            28,
            0,
            1,
            0,
            1445,
            0,
            0,
            0
        ],
        [
            0,
            0,
            0,
            2,
            8,
            0,
            1,
            1789,
            0,
            0
        ],
        [
            6,
            1,
            2,
            8,
            0,
            5,
            3,
            0,
            1473,
            2
        ],
        [
            0,
            0,
            0,
            0,
            0,
            0,
            0,
            0,
            1,
            1799
        ]
    ],
    "classification_report": {
        "Annual Crop": {
            "precision": 0.9720087815587267,
            "recall": 0.9838888888888889,
            "f1-score": 0.9779127553837659,
            "support": 1800.0
        },
        "Forest": {
            "precision": 0.9950083194675541,
            "recall": 0.9966666666666667,
            "f1-score": 0.9958368026644463,
            "support": 1800.0
        },
        "Herbaceous Vegetation": {
            "precision": 0.9646799116997793,
            "recall": 0.9711111111111111,
            "f1-score": 0.9678848283499446,
            "support": 1800.0
        },
        "Highway": {
            "precision": 0.9919839679358717,
            "recall": 0.99,
            "f1-score": 0.990990990990991,
            "support": 1500.0
        },
        "Industrial Buildings": {
            "precision": 0.992676431424767,
            "recall": 0.994,
            "f1-score": 0.9933377748167888,
            "support": 1500.0
        },
        "Pasture": {
            "precision": 0.9778911564625851,
            "recall": 0.9583333333333334,
            "f1-score": 0.968013468013468,
            "support": 1200.0
        },
        "Permanent Crop": {
            "precision": 0.9646194926568759,
            "recall": 0.9633333333333334,
            "f1-score": 0.9639759839893263,
            "support": 1500.0
        },
        "Residential Buildings": {
            "precision": 0.9972129319955407,
            "recall": 0.9938888888888889,
            "f1-score": 0.9955481357818586,
            "support": 1800.0
        },
        "River": {
            "precision": 0.9939271255060729,
            "recall": 0.982,
            "f1-score": 0.9879275653923542,
            "support": 1500.0
        },
        "SeaLake": {
            "precision": 0.9917309812568909,
            "recall": 0.9994444444444445,
            "f1-score": 0.9955727725511898,
            "support": 1800.0
        },
        "accuracy": 0.9842592592592593,
        "macro avg": {
            "precision": 0.9841739099964665,
            "recall": 0.9832666666666666,
            "f1-score": 0.9837001077934134,
            "support": 16200.0
        },
        "weighted avg": {
            "precision": 0.9842860235062818,
            "recall": 0.9842592592592593,
            "f1-score": 0.9842545780812668,
            "support": 16200.0
        }
    },
    "split_info": {
        "train_fraction": 0.4,
        "test_fraction": 0.6,
        "train_size": 10800,
        "val_fraction_of_train_pool": 0.2,
        "seed": 42
    }
}