{
    "accuracy": 0.9875925925925926,
    "precision_macro": 0.9874904888828053,
    "recall_macro": 0.9872549104804721,
    "f1_macro": 0.987316832839011,
    "confusion_matrix": [
        [
            594,
            0,
            0,
            0,
            0,
            1,
            0,
            0,
            0,
            1
        ],
        [
            0,
            606,
            0,
            0,
            0,
            1,
            0,
            0,
            0,
            1
        ],
        [
            1,
            1,
            563,
            0,
            0,
            2,
            6,
            0,
            0,
            0
        ],
        [
            2,
            0,
            1,
            492,
            0,
            0,
            0,
            0,
            1,
            0
        ],
        [
            1,
            0,
            0,
            2,
            491,
            0,
            0,
            6,
            1,
            0
        ],
        [
            1,
            2,
            1,
            0,
            0,
            392,
            0,
            0,
            0,
            0
        ],
        [
            8,
            0,
            9,
            0,
            0,
            2,
            519,
            0,
            0,
            0
        ],
        [
            0,
            0,
            0,
            1,
            0,
            0,
            0,
            553,
            0,
            0
        ],
        [
            1,
            0,
            0,
            8,
            0,
            2,
            0,
            0,
            515,
            3
        ],
        [
            0,
            0,
            0,
            0,
            0,
            0,
            0,
            0,
            1,
            608
        ]
    ],
    "classification_report": {
        "Annual Crop": {
            "precision": 0.9769736842105263,
            "recall": 0.9966442953020134,
            "f1-score": 0.9867109634551495,
            "support": 596.0
        },
        "Forest": {
            "precision": 0.9950738916256158,
            "recall": 0.9967105263157895,
            "f1-score": 0.9958915365653246,
            "support": 608.0
        },
        "Herbaceous Vegetation": {
            "precision": 0.980836236933798,
            "recall": 0.9825479930191972,
            "f1-score": 0.981691368788143,
            "support": 573.0
        },
        "Highway": {
            "precision": 0.9781312127236581,
            "recall": 0.9919354838709677,
            "f1-score": 0.984984984984985,
            "support": 496.0
        },
        "Industrial Buildings": {
            "precision": 1.0,
            "recall": 0.9800399201596807,
            "f1-score": 0.9899193548387096,
            "support": 501.0
        },
        "Pasture": {
            "precision": 0.98,
            "recall": 0.98989898989899,
            "f1-score": 0.9849246231155779,
            "support": 396.0
        },
        "Permanent Crop": {
            "precision": 0.9885714285714285,
            "recall": 0.9646840148698885,
            "f1-score": 0.9764816556914393,
            "support": 538.0
        },
        "Residential Buildings": {
            "precision": 0.9892665474060823,
            "recall": 0.9981949458483754,
            "f1-score": 0.9937106918238994,
            "support": 554.0
        },
        "River": {
            "precision": 0.9942084942084942,
            "recall": 0.9735349716446124,
            "f1-score": 0.9837631327602674,
            "support": 529.0
        },
        "SeaLake": {
            "precision": 0.9918433931484503,
            "recall": 0.9983579638752053,
            "f1-score": 0.9950900163666121,
            "support": 609.0
        },
        "accuracy": 0.9875925925925926,
        "macro avg": {
            "precision": 0.9874904888828053,
            "recall": 0.9872549104804721,
            "f1-score": 0.987316832839011,
            "support": 5400.0
        },
        "weighted avg": {
            "precision": 0.9876680560870272,
            "recall": 0.9875925925925926,
            "f1-score": 0.9875752989031463,
            "support": 5400.0
        }
    }
}